{"step": 1283, "real_assign": {"_type": "histogram", "values": [83, 39, 84, 59, 73, 56, 53, 66, 70, 41, 71, 74, 61, 46, 58, 65, 70, 58, 51, 61, 65, 67, 75, 75, 58, 76, 65, 60, 48, 56, 77, 87], "bins": [0.0, 3.09375, 6.1875, 9.28125, 12.375, 15.46875, 18.5625, 21.65625, 24.75, 27.84375, 30.9375, 34.03125, 37.125, 40.21875, 43.3125, 46.40625, 49.5, 52.59375, 55.6875, 58.78125, 61.875, 64.96875, 68.0625, 71.15625, 74.25, 77.34375, 80.4375, 83.53125, 86.625, 89.71875, 92.8125, 95.90625, 99.0]}, "real_assign_mean": 50.09375, "real_assign_std": 29.0963077545166, "fake_assign": {"_type": "histogram", "values": [180, 21, 9, 143, 85, 30, 62, 23, 71, 38, 61, 45, 66, 206, 17, 132, 28, 49, 64, 15, 54, 150, 118, 46, 29, 38, 56, 56, 5, 33, 30, 88], "bins": [0.0, 3.09375, 6.1875, 9.28125, 12.375, 15.46875, 18.5625, 21.65625, 24.75, 27.84375, 30.9375, 34.03125, 37.125, 40.21875, 43.3125, 46.40625, 49.5, 52.59375, 55.6875, 58.78125, 61.875, 64.96875, 68.0625, 71.15625, 74.25, 77.34375, 80.4375, 83.53125, 86.625, 89.71875, 92.8125, 95.90625, 99.0]}, "fake_assign_mean": 45.54150390625, "fake_assign_std": 28.359703063964844, "fake_img": {"_type": "images/separated", "width": 274, "height": 274, "format": "png", "count": 1, "captions": ["fixed z image"]}, "_runtime": 28084, "_timestamp": 1626574657, "_step": 1282}