{"step": 1118, "real_assign": {"_type": "histogram", "values": [77, 71, 55, 51, 75, 51, 48, 62, 81, 48, 73, 60, 58, 45, 57, 73, 61, 69, 51, 42, 84, 78, 81, 61, 77, 71, 48, 66, 53, 61, 80, 80], "bins": [0.0, 3.09375, 6.1875, 9.28125, 12.375, 15.46875, 18.5625, 21.65625, 24.75, 27.84375, 30.9375, 34.03125, 37.125, 40.21875, 43.3125, 46.40625, 49.5, 52.59375, 55.6875, 58.78125, 61.875, 64.96875, 68.0625, 71.15625, 74.25, 77.34375, 80.4375, 83.53125, 86.625, 89.71875, 92.8125, 95.90625, 99.0]}, "real_assign_mean": 50.501953125, "real_assign_std": 29.011207580566406, "fake_assign": {"_type": "histogram", "values": [460, 25, 33, 12, 23, 9, 1, 7, 12, 7, 52, 15, 67, 4, 16, 137, 43, 4, 1, 1, 174, 181, 15, 146, 215, 37, 23, 207, 16, 10, 13, 82], "bins": [0.0, 3.0625, 6.125, 9.1875, 12.25, 15.3125, 18.375, 21.4375, 24.5, 27.5625, 30.625, 33.6875, 36.75, 39.8125, 42.875, 45.9375, 49.0, 52.0625, 55.125, 58.1875, 61.25, 64.3125, 67.375, 70.4375, 73.5, 76.5625, 79.625, 82.6875, 85.75, 88.8125, 91.875, 94.9375, 98.0]}, "fake_assign_mean": 49.30517578125, "fake_assign_std": 32.319091796875, "fake_img": {"_type": "images/separated", "width": 274, "height": 274, "format": "png", "count": 1, "captions": ["fixed z image"]}, "_runtime": 28597, "_timestamp": 1626574948, "_step": 1117}