{"step": 7, "real_assign": {"_type": "histogram", "values": [75, 62, 76, 50, 74, 76, 57, 70, 80, 53, 84, 71, 42, 53, 48, 70, 57, 63, 42, 50, 85, 62, 69, 69, 54, 61, 60, 72, 58, 59, 63, 83], "bins": [0.0, 3.09375, 6.1875, 9.28125, 12.375, 15.46875, 18.5625, 21.65625, 24.75, 27.84375, 30.9375, 34.03125, 37.125, 40.21875, 43.3125, 46.40625, 49.5, 52.59375, 55.6875, 58.78125, 61.875, 64.96875, 68.0625, 71.15625, 74.25, 77.34375, 80.4375, 83.53125, 86.625, 89.71875, 92.8125, 95.90625, 99.0]}, "real_assign_mean": 49.02880859375, "real_assign_std": 29.246049880981445, "fake_assign": {"_type": "histogram", "values": [32, 0, 9, 525, 123, 0, 0, 51, 1, 0, 89, 28, 4, 33, 0, 0, 0, 116, 0, 1, 23, 1, 2, 246, 1, 0, 0, 0, 15, 0, 714, 34], "bins": [1.0, 4.03125, 7.0625, 10.09375, 13.125, 16.15625, 19.1875, 22.21875, 25.25, 28.28125, 31.3125, 34.34375, 37.375, 40.40625, 43.4375, 46.46875, 49.5, 52.53125, 55.5625, 58.59375, 61.625, 64.65625, 67.6875, 70.71875, 73.75, 76.78125, 79.8125, 82.84375, 85.875, 88.90625, 91.9375, 94.96875, 98.0]}, "fake_assign_mean": 54.705078125, "fake_assign_std": 36.013675689697266, "fake_img": {"_type": "images/separated", "width": 274, "height": 274, "format": "png", "count": 1, "captions": ["fixed z image"]}, "_runtime": 295, "_timestamp": 1626546118, "_step": 3}