{"precision": 0.1673, "recall": 0.0, "density": 0.049100000000000005, "coverage": 0.0046, "fid": 271.42230963630107, "real_is": 6.050911903381348, "fake_is": 1.9028042554855347, "step": 10, "real_assign": {"_type": "histogram", "values": [1877, 1434, 1693, 1200, 1742, 1477, 1261, 1503, 1758, 1305, 1856, 1458, 1281, 1060, 1291, 1747, 1562, 1562, 1350, 1302, 1740, 1847, 1788, 1471, 1490, 1680, 1443, 1440, 1192, 1498, 1656, 2188], "bins": [0.0, 3.09375, 6.1875, 9.28125, 12.375, 15.46875, 18.5625, 21.65625, 24.75, 27.84375, 30.9375, 34.03125, 37.125, 40.21875, 43.3125, 46.40625, 49.5, 52.59375, 55.6875, 58.78125, 61.875, 64.96875, 68.0625, 71.15625, 74.25, 77.34375, 80.4375, 83.53125, 86.625, 89.71875, 92.8125, 95.90625, 99.0]}, "real_assign_mean": 50.01877975463867, "real_assign_std": 29.08395767211914, "fake_assign": {"_type": "histogram", "values": [5592, 4053, 718, 55, 3602, 131, 248, 2545, 882, 52, 1755, 34, 144, 941, 2877, 3437, 2525, 661, 1816, 81, 1072, 4976, 51, 808, 207, 0, 103, 3638, 1339, 4309, 51, 449], "bins": [0.0, 3.09375, 6.1875, 9.28125, 12.375, 15.46875, 18.5625, 21.65625, 24.75, 27.84375, 30.9375, 34.03125, 37.125, 40.21875, 43.3125, 46.40625, 49.5, 52.59375, 55.6875, 58.78125, 61.875, 64.96875, 68.0625, 71.15625, 74.25, 77.34375, 80.4375, 83.53125, 86.625, 89.71875, 92.8125, 95.90625, 99.0]}, "fake_assign_mean": 44.77443313598633, "fake_assign_std": 30.62175750732422, "fake_img": {"_type": "images/separated", "width": 274, "height": 274, "format": "png", "count": 1, "captions": ["fixed z image"]}, "_runtime": 573, "_timestamp": 1626586186, "_step": 1}