{"precision": 0.0, "recall": 0.0, "density": 0.0, "coverage": 0.0, "fid": 371.59919788427266, "real_is": 6.050911903381348, "fake_is": 1.1997332572937012, "step": 0, "real_assign": {"_type": "histogram", "values": [1870, 1426, 1695, 1185, 1755, 1460, 1265, 1504, 1757, 1302, 1862, 1465, 1286, 1064, 1296, 1750, 1561, 1573, 1351, 1305, 1748, 1845, 1787, 1470, 1488, 1678, 1449, 1433, 1191, 1504, 1652, 2175], "bins": [0.0, 3.09375, 6.1875, 9.28125, 12.375, 15.46875, 18.5625, 21.65625, 24.75, 27.84375, 30.9375, 34.03125, 37.125, 40.21875, 43.3125, 46.40625, 49.5, 52.59375, 55.6875, 58.78125, 61.875, 64.96875, 68.0625, 71.15625, 74.25, 77.34375, 80.4375, 83.53125, 86.625, 89.71875, 92.8125, 95.90625, 99.0]}, "real_assign_mean": 50.02412796020508, "real_assign_std": 29.054786682128906, "fake_assign": {"_type": "histogram", "values": [8038, 748, 346, 170, 2215, 8, 0, 727, 509, 212, 1058, 1178, 179, 3156, 3720, 308, 213, 1845, 1052, 156, 440, 1138, 10, 4054, 206, 24, 506, 105, 14730, 1060, 725, 316], "bins": [0.0, 3.09375, 6.1875, 9.28125, 12.375, 15.46875, 18.5625, 21.65625, 24.75, 27.84375, 30.9375, 34.03125, 37.125, 40.21875, 43.3125, 46.40625, 49.5, 52.59375, 55.6875, 58.78125, 61.875, 64.96875, 68.0625, 71.15625, 74.25, 77.34375, 80.4375, 83.53125, 86.625, 89.71875, 92.8125, 95.90625, 99.0]}, "fake_assign_mean": 53.56026077270508, "fake_assign_std": 33.27090835571289, "fake_img": {"_type": "images/separated", "width": 274, "height": 274, "format": "png", "count": 1, "captions": ["fixed z image"]}, "_runtime": 183, "_timestamp": 1626585796, "_step": 0}