{"step": 276, "real_assign": {"_type": "histogram", "values": [1873, 1429, 1704, 1188, 1749, 1475, 1262, 1497, 1759, 1298, 1847, 1474, 1280, 1054, 1290, 1751, 1568, 1559, 1346, 1290, 1759, 1855, 1796, 1468, 1484, 1680, 1445, 1441, 1193, 1510, 1660, 2168], "bins": [0.0, 3.09375, 6.1875, 9.28125, 12.375, 15.46875, 18.5625, 21.65625, 24.75, 27.84375, 30.9375, 34.03125, 37.125, 40.21875, 43.3125, 46.40625, 49.5, 52.59375, 55.6875, 58.78125, 61.875, 64.96875, 68.0625, 71.15625, 74.25, 77.34375, 80.4375, 83.53125, 86.625, 89.71875, 92.8125, 95.90625, 99.0]}, "real_assign_mean": 50.03023147583008, "real_assign_std": 29.07345962524414, "fake_assign": {"_type": "histogram", "values": [3590, 1326, 441, 1880, 2411, 690, 463, 379, 617, 469, 3216, 605, 872, 2316, 794, 4353, 2272, 1302, 329, 1967, 2047, 3918, 1475, 193, 2867, 907, 2314, 330, 1456, 745, 1572, 1036], "bins": [0.0, 3.09375, 6.1875, 9.28125, 12.375, 15.46875, 18.5625, 21.65625, 24.75, 27.84375, 30.9375, 34.03125, 37.125, 40.21875, 43.3125, 46.40625, 49.5, 52.59375, 55.6875, 58.78125, 61.875, 64.96875, 68.0625, 71.15625, 74.25, 77.34375, 80.4375, 83.53125, 86.625, 89.71875, 92.8125, 95.90625, 99.0]}, "fake_assign_mean": 49.09501266479492, "fake_assign_std": 27.81543731689453, "fake_img": {"_type": "images/separated", "width": 274, "height": 274, "format": "png", "count": 1, "captions": ["fixed z image"]}, "_runtime": 6235, "_timestamp": 1626581942, "_step": 275}