{"step": 6, "real_assign": {"_type": "histogram", "values": [96, 61, 74, 25, 71, 65, 61, 61, 68, 56, 87, 61, 68, 40, 41, 62, 72, 72, 54, 56, 64, 80, 63, 55, 54, 65, 78, 68, 51, 62, 75, 82], "bins": [0.0, 3.09375, 6.1875, 9.28125, 12.375, 15.46875, 18.5625, 21.65625, 24.75, 27.84375, 30.9375, 34.03125, 37.125, 40.21875, 43.3125, 46.40625, 49.5, 52.59375, 55.6875, 58.78125, 61.875, 64.96875, 68.0625, 71.15625, 74.25, 77.34375, 80.4375, 83.53125, 86.625, 89.71875, 92.8125, 95.90625, 99.0]}, "fake_assign": {"_type": "histogram", "values": [0, 0, 0, 0, 0, 0, 0, 0, 0, 0, 0, 0, 0, 0, 0, 0, 2048, 0, 0, 0, 0, 0, 0, 0, 0, 0, 0, 0, 0, 0, 0, 0], "bins": [87.5, 87.53125, 87.5625, 87.59375, 87.625, 87.65625, 87.6875, 87.71875, 87.75, 87.78125, 87.8125, 87.84375, 87.875, 87.90625, 87.9375, 87.96875, 88.0, 88.03125, 88.0625, 88.09375, 88.125, 88.15625, 88.1875, 88.21875, 88.25, 88.28125, 88.3125, 88.34375, 88.375, 88.40625, 88.4375, 88.46875, 88.5]}, "_runtime": 159, "_timestamp": 1626544477, "_step": 5}