{"step": 3, "real_assign": {"_type": "histogram", "values": [1867, 1433, 1682, 1186, 1752, 1467, 1262, 1513, 1763, 1301, 1855, 1472, 1286, 1064, 1295, 1736, 1562, 1575, 1356, 1302, 1751, 1844, 1790, 1467, 1485, 1684, 1445, 1439, 1194, 1499, 1652, 2173], "bins": [0.0, 3.09375, 6.1875, 9.28125, 12.375, 15.46875, 18.5625, 21.65625, 24.75, 27.84375, 30.9375, 34.03125, 37.125, 40.21875, 43.3125, 46.40625, 49.5, 52.59375, 55.6875, 58.78125, 61.875, 64.96875, 68.0625, 71.15625, 74.25, 77.34375, 80.4375, 83.53125, 86.625, 89.71875, 92.8125, 95.90625, 99.0]}, "real_assign_mean": 50.02543258666992, "real_assign_std": 29.052656173706055, "fake_assign": {"_type": "histogram", "values": [2893, 0, 0, 0, 0, 0, 0, 0, 112, 0, 0, 1, 0, 0, 0, 0, 0, 0, 0, 0, 0, 960, 0, 0, 0, 0, 0, 41930, 0, 473, 0, 2783], "bins": [24.0, 26.34375, 28.6875, 31.03125, 33.375, 35.71875, 38.0625, 40.40625, 42.75, 45.09375, 47.4375, 49.78125, 52.125, 54.46875, 56.8125, 59.15625, 61.5, 63.84375, 66.1875, 68.53125, 70.875, 73.21875, 75.5625, 77.90625, 80.25, 82.59375, 84.9375, 87.28125, 89.625, 91.96875, 94.3125, 96.65625, 99.0]}, "fake_assign_mean": 84.5221939086914, "fake_assign_std": 15.622705459594727, "fake_img": {"_type": "images/separated", "width": 274, "height": 274, "format": "png", "count": 1, "captions": ["fixed z image"]}, "_runtime": 83, "_timestamp": 1626575625, "_step": 2}