{"step": 257, "real_assign": {"_type": "histogram", "values": [1871, 1424, 1699, 1192, 1743, 1467, 1261, 1503, 1755, 1302, 1861, 1468, 1290, 1059, 1300, 1743, 1562, 1565, 1340, 1307, 1749, 1845, 1797, 1462, 1486, 1683, 1443, 1440, 1196, 1502, 1662, 2175], "bins": [0.0, 3.09375, 6.1875, 9.28125, 12.375, 15.46875, 18.5625, 21.65625, 24.75, 27.84375, 30.9375, 34.03125, 37.125, 40.21875, 43.3125, 46.40625, 49.5, 52.59375, 55.6875, 58.78125, 61.875, 64.96875, 68.0625, 71.15625, 74.25, 77.34375, 80.4375, 83.53125, 86.625, 89.71875, 92.8125, 95.90625, 99.0]}, "real_assign_mean": 50.03645706176758, "real_assign_std": 29.06648826599121, "fake_assign": {"_type": "histogram", "values": [2068, 1181, 1106, 302, 469, 143, 33, 8935, 3620, 300, 1049, 604, 1642, 308, 228, 385, 1493, 880, 216, 1454, 786, 703, 82, 3614, 2717, 1271, 5912, 1089, 802, 147, 3405, 2208], "bins": [0.0, 3.0625, 6.125, 9.1875, 12.25, 15.3125, 18.375, 21.4375, 24.5, 27.5625, 30.625, 33.6875, 36.75, 39.8125, 42.875, 45.9375, 49.0, 52.0625, 55.125, 58.1875, 61.25, 64.3125, 67.375, 70.4375, 73.5, 76.5625, 79.625, 82.6875, 85.75, 88.8125, 91.875, 94.9375, 98.0]}, "fake_assign_mean": 52.13895797729492, "fake_assign_std": 30.180191040039062, "fake_img": {"_type": "images/separated", "width": 274, "height": 274, "format": "png", "count": 1, "captions": ["fixed z image"]}, "_runtime": 6894, "_timestamp": 1626582906, "_step": 256}