{"precision": 0.0008, "recall": 0.0, "density": 0.00016, "coverage": 0.0002, "fid": 376.1608048674399, "real_is": 6.050911903381348, "fake_is": 1.2794493436813354, "step": 0, "real_assign": {"_type": "histogram", "values": [1866, 1432, 1694, 1198, 1742, 1475, 1262, 1500, 1760, 1303, 1856, 1464, 1291, 1062, 1293, 1752, 1550, 1566, 1343, 1305, 1751, 1856, 1796, 1453, 1487, 1682, 1437, 1444, 1193, 1508, 1660, 2171], "bins": [0.0, 3.09375, 6.1875, 9.28125, 12.375, 15.46875, 18.5625, 21.65625, 24.75, 27.84375, 30.9375, 34.03125, 37.125, 40.21875, 43.3125, 46.40625, 49.5, 52.59375, 55.6875, 58.78125, 61.875, 64.96875, 68.0625, 71.15625, 74.25, 77.34375, 80.4375, 83.53125, 86.625, 89.71875, 92.8125, 95.90625, 99.0]}, "real_assign_mean": 50.02587890625, "real_assign_std": 29.06659698486328, "fake_assign": {"_type": "histogram", "values": [9, 193, 14, 0, 1, 0, 9, 11344, 0, 130, 16, 257, 0, 5, 15524, 33, 22, 153, 0, 1, 0, 38, 0, 75, 703, 2, 0, 22, 16799, 239, 0, 3563], "bins": [0.0, 3.09375, 6.1875, 9.28125, 12.375, 15.46875, 18.5625, 21.65625, 24.75, 27.84375, 30.9375, 34.03125, 37.125, 40.21875, 43.3125, 46.40625, 49.5, 52.59375, 55.6875, 58.78125, 61.875, 64.96875, 68.0625, 71.15625, 74.25, 77.34375, 80.4375, 83.53125, 86.625, 89.71875, 92.8125, 95.90625, 99.0]}, "fake_assign_mean": 59.12837600708008, "fake_assign_std": 27.835025787353516, "fake_img": {"_type": "images/separated", "width": 274, "height": 274, "format": "png", "count": 1, "captions": ["fixed z image"]}, "_runtime": 200, "_timestamp": 1626586107, "_step": 0}