{"step": 5, "real_assign": {"_type": "histogram", "values": [81, 54, 65, 56, 77, 66, 48, 54, 95, 61, 60, 45, 47, 35, 56, 75, 71, 76, 67, 48, 67, 83, 77, 45, 59, 63, 56, 68, 54, 71, 85, 83], "bins": [0.0, 3.09375, 6.1875, 9.28125, 12.375, 15.46875, 18.5625, 21.65625, 24.75, 27.84375, 30.9375, 34.03125, 37.125, 40.21875, 43.3125, 46.40625, 49.5, 52.59375, 55.6875, 58.78125, 61.875, 64.96875, 68.0625, 71.15625, 74.25, 77.34375, 80.4375, 83.53125, 86.625, 89.71875, 92.8125, 95.90625, 99.0]}, "real_assign_mean": 50.32373046875, "real_assign_std": 29.265811920166016, "fake_assign": {"_type": "histogram", "values": [43, 204, 0, 0, 145, 0, 78, 0, 0, 0, 0, 0, 0, 0, 0, 0, 581, 0, 0, 19, 1, 0, 228, 0, 0, 0, 0, 0, 6, 0, 0, 743], "bins": [1.0, 4.03125, 7.0625, 10.09375, 13.125, 16.15625, 19.1875, 22.21875, 25.25, 28.28125, 31.3125, 34.34375, 37.375, 40.40625, 43.4375, 46.46875, 49.5, 52.53125, 55.5625, 58.59375, 61.625, 64.65625, 67.6875, 70.71875, 73.75, 76.78125, 79.8125, 82.84375, 85.875, 88.90625, 91.9375, 94.96875, 98.0]}, "fake_assign_mean": 60.873046875, "fake_assign_std": 33.7147216796875, "_runtime": 113, "_timestamp": 1626545171, "_step": 4}