{"step": 4, "real_assign": {"_type": "histogram", "values": [1870, 1427, 1692, 1194, 1743, 1470, 1265, 1510, 1754, 1299, 1854, 1464, 1286, 1066, 1297, 1756, 1555, 1566, 1351, 1297, 1740, 1845, 1794, 1467, 1490, 1684, 1449, 1440, 1193, 1508, 1653, 2173], "bins": [0.0, 3.09375, 6.1875, 9.28125, 12.375, 15.46875, 18.5625, 21.65625, 24.75, 27.84375, 30.9375, 34.03125, 37.125, 40.21875, 43.3125, 46.40625, 49.5, 52.59375, 55.6875, 58.78125, 61.875, 64.96875, 68.0625, 71.15625, 74.25, 77.34375, 80.4375, 83.53125, 86.625, 89.71875, 92.8125, 95.90625, 99.0]}, "real_assign_mean": 50.03379440307617, "real_assign_std": 29.06400489807129, "fake_assign": {"_type": "histogram", "values": [875, 223, 1368, 139, 1060, 19, 1159, 671, 863, 1026, 1088, 2134, 137, 1, 21346, 431, 1991, 4224, 129, 72, 1094, 3334, 674, 168, 3231, 153, 267, 160, 151, 6, 433, 525], "bins": [0.0, 3.0625, 6.125, 9.1875, 12.25, 15.3125, 18.375, 21.4375, 24.5, 27.5625, 30.625, 33.6875, 36.75, 39.8125, 42.875, 45.9375, 49.0, 52.0625, 55.125, 58.1875, 61.25, 64.3125, 67.375, 70.4375, 73.5, 76.5625, 79.625, 82.6875, 85.75, 88.8125, 91.875, 94.9375, 98.0]}, "fake_assign_mean": 46.65510940551758, "fake_assign_std": 18.083683013916016, "fake_img": {"_type": "images/separated", "width": 274, "height": 274, "format": "png", "count": 1, "captions": ["fixed z image"]}, "_runtime": 93, "_timestamp": 1626575478, "_step": 3}