{"step": 52, "real_assign": {"_type": "histogram", "values": [86, 60, 62, 56, 84, 62, 57, 57, 70, 63, 87, 58, 53, 47, 44, 78, 54, 54, 65, 55, 66, 84, 76, 53, 60, 64, 58, 63, 39, 59, 78, 96], "bins": [0.0, 3.09375, 6.1875, 9.28125, 12.375, 15.46875, 18.5625, 21.65625, 24.75, 27.84375, 30.9375, 34.03125, 37.125, 40.21875, 43.3125, 46.40625, 49.5, 52.59375, 55.6875, 58.78125, 61.875, 64.96875, 68.0625, 71.15625, 74.25, 77.34375, 80.4375, 83.53125, 86.625, 89.71875, 92.8125, 95.90625, 99.0]}, "real_assign_mean": 49.458984375, "real_assign_std": 29.367677688598633, "fake_assign": {"_type": "histogram", "values": [23, 0, 0, 0, 2, 7, 0, 851, 10, 0, 1, 3, 0, 0, 2, 0, 0, 0, 0, 0, 344, 0, 0, 587, 0, 10, 0, 0, 122, 1, 0, 85], "bins": [1.0, 4.0625, 7.125, 10.1875, 13.25, 16.3125, 19.375, 22.4375, 25.5, 28.5625, 31.625, 34.6875, 37.75, 40.8125, 43.875, 46.9375, 50.0, 53.0625, 56.125, 59.1875, 62.25, 65.3125, 68.375, 71.4375, 74.5, 77.5625, 80.625, 83.6875, 86.75, 89.8125, 92.875, 95.9375, 99.0]}, "fake_assign_mean": 51.91748046875, "fake_assign_std": 26.332704544067383, "_runtime": 1359, "_timestamp": 1626546229, "_step": 51}