{"step": 38, "real_assign": {"_type": "histogram", "values": [88, 50, 78, 41, 67, 62, 46, 54, 82, 62, 88, 54, 69, 38, 48, 71, 60, 63, 55, 49, 77, 86, 77, 66, 58, 81, 52, 53, 35, 63, 67, 108], "bins": [0.0, 3.09375, 6.1875, 9.28125, 12.375, 15.46875, 18.5625, 21.65625, 24.75, 27.84375, 30.9375, 34.03125, 37.125, 40.21875, 43.3125, 46.40625, 49.5, 52.59375, 55.6875, 58.78125, 61.875, 64.96875, 68.0625, 71.15625, 74.25, 77.34375, 80.4375, 83.53125, 86.625, 89.71875, 92.8125, 95.90625, 99.0]}, "fake_assign": {"_type": "histogram", "values": [293, 347, 0, 44, 127, 5, 10, 7, 0, 6, 8, 128, 98, 0, 7, 2, 153, 10, 4, 16, 31, 84, 107, 117, 8, 90, 12, 19, 129, 0, 109, 77], "bins": [1.0, 4.03125, 7.0625, 10.09375, 13.125, 16.15625, 19.1875, 22.21875, 25.25, 28.28125, 31.3125, 34.34375, 37.375, 40.40625, 43.4375, 46.46875, 49.5, 52.53125, 55.5625, 58.59375, 61.625, 64.65625, 67.6875, 70.71875, 73.75, 76.78125, 79.8125, 82.84375, 85.875, 88.90625, 91.9375, 94.96875, 98.0]}, "_runtime": 836, "_timestamp": 1626544904, "_step": 37}